sort_order,folder_name,folder_url,has_audio_mp3,has_specific_thumbnail_image,has_video_mp4,google_doc_count,max_google_doc_size_bytes,google_doc_names,show_notes_completeness,transcript_file_in_folder,gap_flags,notes_for_ops,roxanna_follow_up,producer_transcript
35,Ep 35,https://drive.google.com/drive/folders/1ycircTNtrk1hpqsI7E8Ug0nmn7PukZfF,Y,Y,Y,2,3656,Copy ep 35 | Copy YT,Complete,N,NEEDS_TRANSCRIPT,,,
34,Ep 34,https://drive.google.com/drive/folders/1TsOgZF0l_9zhHtDFBv5aDtkEh6tHoS0m,Y,Y,Y,2,4122,Copy ep 34 | Copy YT,Complete,N,NEEDS_TRANSCRIPT,,,
33,Ep 33,https://drive.google.com/drive/folders/1QcMxPFx2_ElbLK4V-iOWZnpFUXq-REmO,Y,Y,Y,2,4234,Copy  | Copy YT,Complete,N,NEEDS_TRANSCRIPT,,,
32,Ep 32,https://drive.google.com/drive/folders/1CZ3tdqn4wki49w40ITbB4EcMIrotgjVi,Y,Y,Y,2,4276,Copy | Copy YT,Complete,N,NEEDS_TRANSCRIPT,,,
31,Ep 31,https://drive.google.com/drive/folders/1mDosdFWa-088hZKTrxzt93nXKcgCGQNj,Y,Y,Y,2,3406,Copy Ep 31 | Copy YT,Complete,N,NEEDS_TRANSCRIPT,,,
30,Ep 30,https://drive.google.com/drive/folders/14VJV72czhLVMwOTNsp6-4Q1cZ0ecGjnR,Y,Y,Y,2,3785,Copy  | Copy YT,Complete,N,NEEDS_TRANSCRIPT,,,
29,Ep 29,https://drive.google.com/drive/folders/1a3Nn9qgZqI2BCfi-SfUgiuHQj16L2vlO,Y,Y,Y,2,4027,Copy YT | Copy,Complete,N,NEEDS_TRANSCRIPT,,,
28,Ep 28,https://drive.google.com/drive/folders/1GlvBtNvK2iiGfn7QCcSB6odoFrbQGknd,Y,Y,Y,2,3282,Copy Ep 28 | YT Copy,Complete,N,NEEDS_TRANSCRIPT,,,
27,Ep 27,https://drive.google.com/drive/folders/1O7kfZv5Zqp1oU1DCGSA7o4tkMi7OKCz-,Y,Y,Y,2,4205,Copy YouTube | Copy Ep 27,Complete,N,NEEDS_TRANSCRIPT,,,
26,Ep 26,https://drive.google.com/drive/folders/1c0rI0v4PrbL7uVGg54_CnyUmn9EJozks,Y,Y,Y,2,3147,Copy ep 26 | YT copy,Complete,N,NEEDS_TRANSCRIPT,,,
25,Ep 25,https://drive.google.com/drive/folders/1YFJsQrdQMmia4SM8dw3z3dxECTbXlCCe,Y,Y,Y,1,1024,Copy Ep 25,Likely_needs_body_text,N,NEEDS_TRANSCRIPT | NEEDS_SHOW_NOTES | REVIEW_DUP_AUDIO,Two MP3s present (Audioversion + Audioversion new); align on canonical cut.,,
24,Ep 24,https://drive.google.com/drive/folders/1qk6SDdp0L-XHmQvVM2ioS5mqRG0igxya,Y,Y,Y,1,1024,Copy Ep 24,Likely_needs_body_text,N,NEEDS_TRANSCRIPT | NEEDS_SHOW_NOTES,,,
23,Ep 23,https://drive.google.com/drive/folders/1UnwMwKRb3gwC2y5_l6yisPAfq_KrUVac,Y,N,Y,1,1024,Copy Ep 23,Likely_needs_body_text,N,NEEDS_TRANSCRIPT | NEEDS_SHOW_NOTES,,,
22,Ep 22,https://drive.google.com/drive/folders/1RfhkyTAHs30dyWCNEFj_Fb0BQgSinXuZ,Y,N,Y,1,1024,Copy Ep 22,Likely_needs_body_text,N,NEEDS_TRANSCRIPT | NEEDS_SHOW_NOTES,,,
21,Ep 21,https://drive.google.com/drive/folders/19ej7f222YB7VDotlp5A8Bfo_JlrbsWvh,Y,N,Y,1,1024,Copy Ep 21,Likely_needs_body_text,N,NEEDS_TRANSCRIPT | NEEDS_SHOW_NOTES,,,
20,Ep 20,https://drive.google.com/drive/folders/1h5JgWj2AODjUJQIgcFZEO4yAQDOceCE_,Y,N,Y,1,1024,Copy ep 20,Likely_needs_body_text,N,NEEDS_TRANSCRIPT | NEEDS_SHOW_NOTES,,,
19,Ep 19,https://drive.google.com/drive/folders/11eltb52j01qgRkK8teqcMxCDs8nNjgm2,Y,N,Y,1,1024,Copy ep 19,Likely_needs_body_text,N,NEEDS_TRANSCRIPT | NEEDS_SHOW_NOTES,,,
18,Ep 18,https://drive.google.com/drive/folders/1ZMmQ76Hfp-Gp55YLGpDcI0qAOLQP-sSj,Y,N,Y,1,1024,Copy ep 18,Likely_needs_body_text,N,NEEDS_TRANSCRIPT | NEEDS_SHOW_NOTES,,,
17,Ep 17,https://drive.google.com/drive/folders/1xK2ZIMxelkvgjFc9TjI1PpwuiVFw2woL,Y,N,Y,1,1024,Copy ep 17,Likely_needs_body_text,N,NEEDS_TRANSCRIPT | NEEDS_SHOW_NOTES,,,
16,Ep 16,https://drive.google.com/drive/folders/1HnmRd1pO2YiOTZ_fPhfVckS7v-OtDe-A,Y,N,Y,1,1024,Copy ep 16,Likely_needs_body_text,N,NEEDS_TRANSCRIPT | NEEDS_SHOW_NOTES,,,
15,Ep 15,https://drive.google.com/drive/folders/15ZzARZrMc1tzNz41gBY7SlLFaBx7MnOG,Y,N,Y,1,1024,Copy ep 15,Likely_needs_body_text,N,NEEDS_TRANSCRIPT | NEEDS_SHOW_NOTES,,,
14,Ep 14,https://drive.google.com/drive/folders/1HQPk7x_9981JaQfb9XKL7fD5S9Q1CXnY,Y,N,Y,1,1024,Copy ep 14,Likely_needs_body_text,N,NEEDS_TRANSCRIPT | NEEDS_SHOW_NOTES,,,
13,Ep 13,https://drive.google.com/drive/folders/1GEPkT_OpGVZZy0nZr_LAELG3lEtFtwFc,Y,N,Y,1,1024,Ep 13,Likely_needs_body_text,N,NEEDS_TRANSCRIPT | NEEDS_SHOW_NOTES,,,
12,Ep 12,https://drive.google.com/drive/folders/1er7dEbwcM5GizXG_YyCIr9tMfp3zEY6w,Y,N,Y,1,1024,Ep 12,Likely_needs_body_text,N,NEEDS_TRANSCRIPT | NEEDS_SHOW_NOTES,,,
11,Ep 11,https://drive.google.com/drive/folders/1K2zI-oL20Ypv1H4Kb8hTnxYznKZ41bjj,Y,N,Y,1,1024,Copy Ep 11,Likely_needs_body_text,N,NEEDS_TRANSCRIPT | NEEDS_SHOW_NOTES,Folder has main assets only (no short clips).,,
10,Ep 10,https://drive.google.com/drive/folders/18gmnRHuxbUg5OOu19aBLxOdkr2Drpw1D,Y,N,Y,1,1024,Copy ep 10,Likely_needs_body_text,N,NEEDS_TRANSCRIPT | NEEDS_SHOW_NOTES,,,
9,Ep 9,https://drive.google.com/drive/folders/120d2aGhb1qpoIwi0sZWyG-MoOP5kK_0I,Y,N,Y,1,1024,Copy ep 9,Likely_needs_body_text,N,NEEDS_TRANSCRIPT | NEEDS_SHOW_NOTES,,,
8,Ep. 8,https://drive.google.com/drive/folders/1WBoN47-uAokgg7VC9i1rVsKlWjD1sKXC,Y,N,Y,1,1024,Copy ep. 8,Likely_needs_body_text,N,NEEDS_TRANSCRIPT | NEEDS_SHOW_NOTES,,,
7,Ep 7,https://drive.google.com/drive/folders/1uTFvfwOdYrUXv0xXB1VOEJLQthpLvNYs,Y,N,Y,1,1024,Copy Ep 7,Likely_needs_body_text,N,NEEDS_TRANSCRIPT | NEEDS_SHOW_NOTES,,,
6,Ep. 6 - Control,https://drive.google.com/drive/folders/1ypEpftFu6Kywek4nLFciWSSIzx-QP2QG,Y,N,Y,1,1024,Copy ep 6,Likely_needs_body_text,N,NEEDS_TRANSCRIPT | NEEDS_SHOW_NOTES,Audio file named Audiversion.mp3 (typo).,,
5,Ep. 5 - Coordinate,https://drive.google.com/drive/folders/10OrEHxYsho2LkIhCTdFf-6o9cGSqztys,Y,N,Y,1,1024,Copy ep. 5,Likely_needs_body_text,N,NEEDS_TRANSCRIPT | NEEDS_SHOW_NOTES,,,
4,Ep. 4 - Collect,https://drive.google.com/drive/folders/11UnbfHB_Aj8bh5ofn4JczAQHpXeDU1r_,Y,N,Y,1,1024,Copy ep 4,Likely_needs_body_text,N,NEEDS_TRANSCRIPT | NEEDS_SHOW_NOTES,,,
3,Ep. 3 - Connect,https://drive.google.com/drive/folders/1qGftQKsfoHHq16bdh16327cr7mVDf8yi,Y,N,Y,1,1024,Copy Ep. 3,Likely_needs_body_text,N,NEEDS_TRANSCRIPT | NEEDS_SHOW_NOTES,,,
2,Ep. 2 - Clarify,https://drive.google.com/drive/folders/1p_xV1C9O7YyoM0HSjmog6EcJe6Gxmu6E,Y,N,Y,1,1024,Copy Ep 2,Likely_needs_body_text,N,NEEDS_TRANSCRIPT | NEEDS_SHOW_NOTES,audioversion.mp3 is lowercase filename.,,
1,Ep.1 Final,https://drive.google.com/drive/folders/1S44jnYGtIY_4F2vTxpOxO4_IfhucGQPq,Y,N,Y,2,1024,Copy Ep.1 | PPP YT Login,Likely_needs_body_text,N,NEEDS_TRANSCRIPT | NEEDS_SHOW_NOTES | REVIEW_EXTRA_DOC,PPP YT Login is probably ops—not episode copy; move or exclude from website build.,,
0,INTRO,https://drive.google.com/drive/folders/18xyXZXpZPTJMzHI9esd1HL9NzYSVUu1s,N,N,N,0,0,(none),Missing_docs,N,NEEDS_TRANSCRIPT | NEEDS_SHOW_NOTES | NEEDS_AUDIO_MASTER | NEEDS_THUMBNAIL | ARCHIVE_DUPLICATE_EP2_EP3,,,
